crm_account_id,external_user_id,email_hash,record_origin,country,age_group,acquisition_channel,device_preference,favorite_team,preferred_language,household_size,marketing_consent,account_created_at,last_modified_at,salesforce_extract_at
4285011a-e19b-5796-a360-371fd9dd1caa,usr_00078303,bbef73dbbc72cf9248d515a37c661d56190004fe2f81433177e34ad38fd8ffbe,legacy_crm_migration,mexico,55+,app_store,TABLET,Germany,japanese,2,Y,20-Jun-2025 19:08:15,11-Sep-2025 17:50:51,2026-07-20 06:00:00
4cf771c8-0e77-5bb9-800a-743fc8bed533,usr_00066465,03edfb9f14dc847e799efe0a81aaca2175e714197f4cf20ccf6b6124a12a014e,web_signup,Argentina,18-24,Organic Search,Desktop,France,Korean,3,true,2026-07-12T14:20:47Z,2026-09-29T14:11:08Z,2026-07-20 06:00:00
d41e6780-aeec-5a27-986b-efe40ac47b2f,usr_00093228,d5ded659e62cc3db52d917b1e47a8644c09c99b68f604ac79d63b62055b72d83,android_app,Germany,25-34,Direct,Android Phone,Germany,EN,4,TRUE,01/24/2026 08:32 AM,02/05/2026 04:33 PM,2026-07-20 06:00:00
7302c3ca-19bc-51e9-8498-5f87e10154ed,usr_00001748,c2b1e2ad8e2c85ebcd2e07a6db4f70572fa3f4bc02c54fad28d1d812c647ebb5,ios_app,US,,Direct,,Brazil,DE,1,1,2026-05-20 02:17:10,2026-08-09 08:28:18,2026-07-20 06:00:00
89fbe3d9-db69-5805-bd05-d25b7af7e2ee,usr_00080005,3a854ab0b485494019990345caf0b424c2bfdbec70522bffde3afabd3f145532,ios_app,Brazil,25-34,Apple App Store,iPhone,England,ES,1,0,2025-07-11 04:40:12,2025-09-21 22:28:10,2026-07-20 06:00:00
49130124-b651-5589-923b-8d6f85b7a5d0,usr_00019261,b5887db3dd55d568e6dee0a620bb7e8f995b76cd1191ee0b919f0e24ce01bdfb,ios_app,Argentina,18-24,organic,Smart TV,England,EN,5,0,2026-06-29 08:13:06,2026-09-11 13:29:43,2026-07-20 06:00:00
ab4eb1b4-1a13-58b2-8886-f62c95047127,usr_00026830,c88141da141586670a3ff5ad33f2f552928d3f595a6a698e833cab75efc35764,sports_partner_import,Canada,,Referral,Mobile,Mexico,English,4.0,Yes,2026/07/01 14:54,2026/07/22 17:12,2026-07-20 06:00:00
bcf3ab38-7865-58ce-aca5-67e97b21b13c,usr_00080313,cb3a33fb71ef7de232feeb198835e2eb9bfa4e87b3afb263ea34d6a671a66b03,web_signup,Japan,18-24,Referral,Smart TV,England,Spanish,2,true,2026-06-26T21:06:54Z,2026-07-12T08:38:19Z,2026-07-20 06:00:00
0d881cf2-8d9b-57ff-91ea-8e192a5e0970,usr_00018568,26f0a5efb681da121308cb0afeb78e557193d32f62b68b676483c044664d0fdc,android_app,Canada,45-54,Google Play,Streaming Device,Germany,ES,6,FALSE,02/24/2026 05:58 PM,05/13/2026 02:09 AM,2026-07-20 06:00:00
81ccae0a-7b95-522d-8a85-07ed77270298,usr_00031083,bf0f630aab765afb4976696efd86de732056136a09f8938d369bdade472c7fa2,web_signup,South Korea,35-44,Social Media,Mobile,Mexico,English,3,true,2024-09-27T13:19:37Z,2024-11-05T19:48:51Z,2026-07-20 06:00:00
61cc8737-e991-5b23-adb5-e0b08eba3eda,usr_00024142,6193e4a32c22ab15ef423a9ea7fdce7c4c1c3b57ddb18a1948ecbf0d6d13044c,web_signup,Brazil,25-34,App Store,Smart TV,Spain,English,2,true,2024-09-24T09:03:51Z,2024-10-28T20:14:41Z,2026-07-20 06:00:00
596234b0-5e3c-5b29-a1c6-1752a7bb8405,usr_00095216,0c1bff12de95505ca7269cb7123809426dc7fc6e9be1806e4b3527370c5cce4e,legacy_crm_migration,united states,35-44,paid_search,SMART_TV,Argentina,french,4,Y,28-Jan-2026 16:15:09,12-Feb-2026 01:18:46,2026-07-20 06:00:00
cbf5b9d4-31c6-5294-8eeb-eae3e90b6484,usr_00018847,8010e32c52e58cd4595fc9c09549283b85db23993ed24f7f98f33f0375b97221,web_signup,United States,25-34,App Store,Smart TV,Mexico,English,1,false,2026-03-01T03:55:11Z,2026-05-19T01:47:44Z,2026-07-20 06:00:00
ad251ae2-13b2-507b-b28f-39e7c1b4ce5e,usr_00002350,2a186d4f3a5e9698b6513b16133592661b1cabe3741fb61b670300ef49fcc4f3,legacy_crm_migration,united states,18-24,social_media,MOBILE,Spain,spanish,1,Y,26-Nov-2025 16:46:37,27-Jan-2026 07:50:04,2026-07-20 06:00:00
797f726b-1ba4-52e8-82ea-8df7ba80e62d,usr_00020197,8df924008d05b20ac419fcc57a166fd6b789244558e0e6107cc66fc8da1b2ec9,web_signup,Brazil,45-54,Organic Search,Desktop,Brazil,Spanish,2,true,2026-07-16T07:00:33Z,2026-09-24T20:39:06Z,2026-07-20 06:00:00
2e7fef80-9b4d-50fc-b9a3-5d5b1451a731,usr_00043192,f109ca6dfbae8cd37ab6e9ded3f82201bcab898687d24c65b4353796fe87f288,web_signup,United Kingdom,35-44,Paid Search,Mobile,England,Spanish,3,true,2026-01-01T09:20:23Z,2026-01-04T08:13:56Z,2026-07-20 06:00:00
1facf1f9-cb56-5424-9397-ceedb3614bbb,usr_00065288,66c8e1b47f809e2b3a5c09aec962f4b27b302d4ce778e63baf96ffe4074b2db8,legacy_crm_migration,united states,35-44,paid_search,SMART_TV,United States,english,4,Y,14-Dec-2025 10:25:36,08-Feb-2026 20:33:57,2026-07-20 06:00:00
5bb5c4fa-bbc4-5dc2-9142-e274b451e7ee,usr_00007733,06338638fac0f9d7a51f62e2fe2eb19aca5bad975c25d74a75f777d6f16cf11a,android_app,GB,25-34,Google Play,,Other,PT,3,TRUE,06/28/2026 06:32 PM,07/27/2026 04:52 PM,2026-07-20 06:00:00
385bebc6-8d99-5d9e-8f51-044df6e71fb3,usr_00079604,2b1f1dd2c17662020a7b3f72affc32a346355420897a433ee6982c857c487876,web_signup,Australia,45-54,Paid Search,Desktop,Argentina,English,2,false,2026-06-15T18:51:45Z,2026-07-20T22:16:04Z,2026-07-20 06:00:00
8c856886-8a6e-5277-9b00-188b98505248,usr_00015207,ee12f4118c575a42b90a3af78adf19142d85fd91436be7e5f8af66f6bbef9f5e,ios_app,UK,25-34,social,Desktop,Other,ES,3,0,2026-05-12 23:13:05,2026-05-21 03:10:20,2026-07-20 06:00:00
e6fba879-b48b-50f0-aa4e-f70385df413d,usr_00034431,68c0e3ec56c4f32bf3608629717653f6dc454a0140725e217bda60efcd1f4be9,android_app,Argentina,18-24,SOCIAL,Smart TV,Japan,EN,6,FALSE,06/06/2026 10:12 PM,08/21/2026 08:48 PM,2026-07-20 06:00:00
b8ad44fb-8428-5f64-a302-eeb5ffa1d5c4,usr_00058555,a2076e36658afaa70c926112def69b8e8240b0eeff900d520404ed2cc0ff935f,ios_app,Japan,45-54,paid,Streaming Device,Other,EN,1,1,2026-03-23 19:39:12,2026-03-24 01:55:09,2026-07-20 06:00:00
ee0738ce-5ad8-597d-b7a5-164b92812546,usr_00096688,dd5e2a77a6354bb5753ec469ce4d91932324e0b4d1e5e77f40a14a622d069be4,legacy_crm_migration,germany,45-54,organic_search,STREAMING_DEVICE,Portugal,portuguese,6,Y,29-May-2026 10:19:25,19-Aug-2026 03:28:09,2026-07-20 06:00:00
a51dee12-1892-517e-bc43-629517f34d34,usr_00029888,67fb178e47b96f28a1912b20cf1862be14ac8bbec67c48604e9d839b7cf745ad,legacy_crm_migration,  united states ,35-44,social_media,MOBILE,South Korea,portuguese,1,Y,05-May-2026 10:22:43,15-Jun-2026 00:15:30,2026-07-20 06:00:00
22ba38d5-77e8-53f9-9306-3f15168d7709,usr_00058030,dc816fad647a2a61bdf74fea93851d627290bf890cb3c199690f77a827335bb8,ios_app,Japan,45-54,Referral,Desktop,Other,EN,1,1,2026-05-30 09:46:42,2026-06-01 20:22:31,2026-07-20 06:00:00
a3babab7-8293-56fe-bc18-2b68b3669ca0,usr_00061209,902fe269050af5ccb7bf7202523fab8c2a1de3fdb1280b41afe39d13222ebe8b,sports_partner_import,U.S.,35-44,Organic,Mobile,Mexico,English,3.0,Yes,2026/02/21 19:10,2026/04/22 22:30,2026-07-20 06:00:00
b713fda5-5a30-57ee-b0ad-905e497a5936,usr_00082881,a5bbc75731a9539d8576312fde80982f1e21c256c7c4735a4da4a2b1ea6f9081,ios_app,Canada,25-34,social,Game Console,Mexico,EN,2,0,2024-07-25 06:47:57,2024-08-22 03:51:55,2026-07-20 06:00:00
685ef3bb-eca8-56c3-a171-9a7c45fb19d0,usr_00028641,64a9b071c43c42cd19a4c93d65c802fd6bdcecd9e6d7dcd7d273bf84cf41c4cc,web_signup,Germany,25-34,App Store,Streaming Device,Spain,,2,true,2026-07-04T18:13:44Z,2026-07-07T16:37:18Z,2026-07-20 06:00:00
8a80d76e-7ce6-513a-906e-9bb34f412de2,usr_00013365,0b79fbda662cb367468ad6f62690de776031710490c840716f82ff93a2918257,ios_app,Canada,35-44,social,Smart TV,No Preference,EN,3,1,2026-07-07 03:36:30,2026-09-01 15:01:31,2026-07-20 06:00:00
83e5f640-4331-5375-a4a7-345dd26ef661,usr_00007738,1c6e1674cada9d82e3e20b0f507faf81a46288a2e1183d5110b8b5df36f8bc8e,ios_app,Canada,25-34,Apple App Store,iPhone,Mexico,ES,5,1,2025-07-13 14:54:46,2025-08-02 17:12:29,2026-07-20 06:00:00
24e0551e-b3fb-5569-b7ff-ff1b6fda1b2a,usr_00057851,88883f6b883662073c30dcaa2e15b1322b34736a0a3b6025ed2ce25baa7e9385,web_signup,Japan,55+,Referral,Mobile,Spain,English,2,true,2024-08-19T16:31:02Z,2024-10-28T21:22:46Z,2026-07-20 06:00:00
b9ee9206-c047-573f-9755-90f0c910e81a,usr_00065788,34cf28a2f1f465c12f7b3a8b24e11a18b480736832a7baea248dc1156d770c36,sports_partner_import,U.S.,25-34,Partner,Smart TV,Brazil,Spanish,3.0,Yes,2025/07/03 13:50,2025/07/18 19:54,2026-07-20 06:00:00
3166405e-f456-5031-a92c-0451e47b687d,usr_00073348,312022006c40fa5e7f94aa2c0e8743a3a07affbd50ecb6b7bd5bd6ff0f7fa4c9,web_signup,Mexico,25-34,Paid Search,Smart TV,England,Spanish,6,false,2026-02-03T22:29:18Z,2026-03-27T23:25:59Z,2026-07-20 06:00:00
ca052e4a-75a0-5c61-8e9a-77adcfd02fcd,usr_00085131,f7a8e774e3140e390e99dae657ea689acff84fc816b0ef7e0785c9122ec0008a,web_signup,Brazil,35-44,Referral,Streaming Device,Argentina,English,4,false,2026-04-14T08:30:17Z,2026-05-05T12:53:05Z,2026-07-20 06:00:00
b70b2566-cc98-5dc2-9d6e-e3e3e730cba1,usr_00040629,43513ccb7c8598cb1f7f8fe07bd371598cfa28859e1f5ab5d8206159212e67b9,ios_app,KR,45-54,organic,Desktop,Canada,EN,1,0,2026-07-15 20:03:38,2026-07-28 01:39:52,2026-07-20 06:00:00
fbb4f6b4-ea9a-581f-8447-e53ebbd15c7e,usr_00046566,a3531ddb18c249d23b38db1c30d8fafc4119228514b6d5bdebd3212953f1f7af,web_signup,Mexico,35-44,Direct,Streaming Device,United States,English,5,true,2026-06-20T11:50:56Z,2026-07-16T13:56:13Z,2026-07-20 06:00:00
6ff1c349-bc02-534d-98e1-96d4a295a55b,usr_00033787,35f2d03dcde0f4646edbe619833a9bf71ad4083e9700bcf533393f2623bab14f,android_app,USA,18-24,Google Play,Streaming Device,Argentina,FR,3,TRUE,02/09/2026 10:13 AM,04/14/2026 10:56 AM,2026-07-20 06:00:00
199c2ec3-facf-5d24-aab8-ebb7182e6c01,usr_00021398,1fd9b99737e626f89ca0f9915ae39fd512e07cb8aaf190fa1799bb8f9a7be436,ios_app,US,25-34,  sports_partner ,Desktop,Germany,EN,3,1,2025-12-27 18:02:31,2026-01-18 03:51:39,2026-07-20 06:00:00
083e0391-76cc-5cba-a288-280395ee2869,usr_00030919,2f12ac20538994d01711392ec882b5f4fef2edca060b6a5cc10b74a4b5c3d432,ios_app,Canada,18-24,social,iPad,France,DE,3,1,2026-06-16 20:09:05,2026-07-04 23:45:18,2026-07-20 06:00:00
a6362cca-1608-59e1-821c-7c3a7f3260ee,usr_00097902,8f8fc18ee6db44ba0950cdb6543176e87efeaa03e77a21f8968c8c5b59b3c066,web_signup,Japan,35-44,  Social Media ,Mobile,Other,English,2,false,2025-09-13T05:46:02Z,2025-11-02T07:07:39Z,2026-07-20 06:00:00
4a475e40-0347-5723-ae54-9a666a7e61cb,usr_00055980,cf36049073a495f9bc3e85e1526b14feaa72499921e35333994df001559643dc,android_app,USA,45-54,SOCIAL,,Argentina,ES,3,TRUE,07/06/2026 05:02 AM,07/11/2026 09:06 PM,2026-07-20 06:00:00
d59c19f4-4c9b-574a-9f27-9645a29dd3fa,usr_00024116,3724d13afd8ee0d8866aa197b98ee6efeef2b9803c56f7cbfaea8cb495cd8103,sports_partner_import,Canada,25-34,Organic,Smart TV,Germany,English,2.0,Yes,2025/07/01 03:19,2025/09/25 15:56,2026-07-20 06:00:00
42f2763e-62f9-51f4-9662-71fd7d8ae05d,usr_00056253,c6786fbc7491963c6dfe3fdbb7a50955c5dc44b2a16feb371641791465bdb4e4,web_signup,Canada,45-54,App Store,Game Console,South Korea,English,2,false,2026-03-05T19:15:47Z,2026-04-05T12:25:53Z,2026-07-20 06:00:00
8405bad3-388d-577d-954c-2460c2b2f82e,usr_00097573,1e7729e3aab2857bb8a718916cc0ff74acdd1ae62934c2fa80c3cdee5b13deba,web_signup,Germany,18-24,App Store,Desktop,  Argentina ,Spanish,4,true,2026-05-16T11:15:28Z,2026-07-31T06:44:05Z,2026-07-20 06:00:00
397957c0-2abe-53ed-87f2-52ff0513f9bf,usr_00058979,7c3668340114862549b80138ee5e421f25f8390de373e778a10d9694a8bff12c,web_signup,United States,18-24,Organic Search,Streaming Device,Argentina,German,4,true,2026-01-16T15:05:52Z,2026-02-16T21:01:53Z,2026-07-20 06:00:00
e7697e23-38f0-56d2-bef8-43fcf89d1e49,usr_00074611,1e6da4ad561bd67e86133c506c4df2c2771a3725dbddd0338c9a7779a579aad9,ios_app,Germany,18-24,Apple App Store,Smart TV,France,ES,2,1,2026-06-14 17:40:32,2026-06-25 06:19:08,2026-07-20 06:00:00
ca47558e-f73e-51f3-90d5-58b622fc2d06,usr_00009549,1253ee0e0c3f785c15fd8786dea2a6ca7d2541298da38e8a237ce9ac6e4bfd99,ios_app,Germany,45-54,organic,iPhone,United States,FR,2,1,2024-06-23 11:00:00,2024-08-14 12:01:22,2026-07-20 06:00:00
b5aa3a37-7612-558d-ba0f-6f715ae9a114,usr_00049853,6c60ad9151bb00eb3541a3efd64f5f1406f2bfefc4659a83c9becee23ccb7039,ios_app,Brazil,18-24,Referral,Desktop,Mexico,ES,3,0,2024-07-19 19:11:28,2024-08-31 01:06:01,2026-07-20 06:00:00
bfb5bfa1-fd3b-515c-901b-db867d029102,usr_00095576,f73ddc02a5ee3228190c7b70f870d0cb85f90c373fee12df95d0ed375551b56e,web_signup,Canada,25-34,Social Media,Game Console,Germany,English,2,false,2026-03-03T12:49:56Z,2026-05-31T09:00:42Z,2026-07-20 06:00:00
e72b0ae9-dfde-54b1-ae3c-40999a5f0073,usr_00079937,3b7f7371aeb5689db4dbed233906afe50873b8b20fcb20170dfffe51aba1e06e,sports_partner_import,Argentina,35-44,Social Partner,Game Console,Other,English,1.0,Yes,2024/07/14 13:42,2024/09/26 16:07,2026-07-20 06:00:00
21f1adbb-4ab6-555f-8b18-b882cc674632,usr_00015544,97cf1833dcb36d8db8468e6f02dac35ecb179806cbd68fdeb5695fd7334c2dac,legacy_crm_migration,australia,45-54,organic_search,DESKTOP,United States,english,4,Y,13-May-2026 01:50:25,08-Aug-2026 12:01:14,2026-07-20 06:00:00
0daef255-9083-5488-b2f5-eda555ee38b3,usr_00067038,d1b8b9c16a878b8ba72b7f686490b14868287c64798175b8f6c4dbdd152460e4,android_app,Australia,35-44,SOCIAL,Desktop,Germany,EN,4,TRUE,10/24/2024 01:34 PM,11/17/2024 04:43 PM,2026-07-20 06:00:00
1b81ed06-8170-5ace-84c5-fd0d1df6b1d4,usr_00006905,266a75c8d3073e09faaff44c6a62d787704a3fc5463cf59ba5912ca061e993e3,web_signup,United Kingdom,35-44,  Referral ,,France,German,3,false,2026-07-16T05:44:09Z,2026-10-02T11:30:25Z,2026-07-20 06:00:00
afdbf84f-fb17-50e0-a14c-6c228867ee2b,usr_00056538,ab49d8e4f5106e36d80a395e687a953bae6dcf10d5aacb6fa4f2541b1ec3917e,ios_app,US,35-44,organic,Smart TV,Argentina,DE,1,0,2025-05-05 04:29:47,2025-07-20 11:53:03,2026-07-20 06:00:00
58c8c97b-e0fb-5963-90bf-9cf271b60976,usr_00003320,fbb7938410945a773f9f0b18c82dfecf91404a9cb5da1b5c2554d6253acf1dc0,sports_partner_import,U.S.,25-34,Paid Search,Streaming Device,Japan,Japanese,1.0,No,2026/07/01 10:16,2026/09/18 18:52,2026-07-20 06:00:00
7faa9dca-6982-52a1-ae3e-60a571f01fc9,usr_00049330,08237eaaa2bc8a3071bf921fa68f225d9da9edc1aad092c034be340b98b82c03,web_signup,United States,35-44,App Store,Mobile,,  German ,5,false,2024-06-07T19:46:16Z,2024-07-30T18:05:34Z,2026-07-20 06:00:00
96d27379-cf0f-5597-ad37-e95e8b71f359,usr_00015426,2594531435e7e0eb56e4351e2f69250d468ccf3e868885d9562332b42ef96444,android_app,Germany,25-34,SEO,Android Phone,Brazil,FR,4,TRUE,12/19/2024 08:17 PM,01/19/2025 05:14 AM,2026-07-20 06:00:00
b066c19c-300c-58cc-abca-45749b70aa8a,usr_00061027,3fb36c6a7448adb1826f51011db7ee7dc7d2ea5f35d670a0c0ab9333fee0df7b,ios_app,Germany,25-34,Referral,iPhone,Canada,FR,6,1,2026-02-15 19:30:38,2026-03-05 13:19:59,2026-07-20 06:00:00
1bc44cb8-f4dd-5426-bb12-870bf3e5db74,usr_00088391,3b46b8fc15c6c3e6117d7b6598273cc7c87cda55eed1f34c74ef4843ba439434,sports_partner_import,Republic of Korea,,  Social Partner ,Smart TV,Other,English,3.0,No,2026/07/18 20:31,2026/07/23 04:14,2026-07-20 06:00:00
3b731439-736e-5ad7-b4ad-0e351ea6209f,usr_00063851,6e3ab44d14cd9cb9616d5e572dc474db3ce7cbf5626a1a0c0c88993512bf818f,android_app,Australia,45-54,SEO,Smart TV,Brazil,EN,6,FALSE,12/22/2025 02:02 AM,03/05/2026 03:50 AM,2026-07-20 06:00:00
75a9e935-d394-5d56-b256-12f6444e5682,usr_00039661,d5fbbbc69c4cb79997c0c6ba2f637207b9d3cc579bfe0339c95721dba0daf183,web_signup,Brazil,45-54,App Store,Game Console,Brazil,English,2,true,2026-06-28T15:41:54Z,2026-07-05T00:33:41Z,2026-07-20 06:00:00
2c2b34e9-7b05-5b3b-8e37-b3cd241d9266,usr_00099502,a72ea9a2938fc01fa46ea508f9880efc44557a2c8cb8866a6c80c50666853884,web_signup,United States,18-24,Social Media,Smart TV,Portugal,Spanish,5,true,2026-07-19T00:09:31Z,2026-08-30T14:52:48Z,2026-07-20 06:00:00
f935de92-c12d-5695-a150-31040332b49b,usr_00033427,5a14d549054eb2eab84d2783061a6f4b9555f100832439f77078bbcbb2b3f421,web_signup,South Korea,18-24,Paid Search,Desktop,Mexico,English,4,false,2026-07-04T04:42:34Z,2026-07-31T06:46:22Z,2026-07-20 06:00:00
1948dd28-78ac-5f3a-a720-68d8146450eb,usr_00048497,5b26208f2b700e417340314e78bbd666fb346fb4a90d393247a09db67b90acd4,legacy_crm_migration,united states,45-54,app_store,STREAMING_DEVICE,United States,english,1,N,26-Jan-2026 02:29:56,30-Jan-2026 15:47:02,2026-07-20 06:00:00
fca14c0d-1f57-530c-9c43-4620cde522aa,usr_00004294,6d0214c52fb1da7080a72e7e27175128a953debfe5f9a31b174abe00ed48676c,web_signup,United States,35-44,Social Media,Mobile,Other,  Spanish ,2,true,2026-02-24T10:28:43Z,2026-03-03T10:47:58Z,2026-07-20 06:00:00
626c5572-ffd7-59f9-81f8-0810c04424c2,usr_00075179,9fac0f3c20b7e2eca4116f823c82ffa2f48dac7d8363e5d58c6501b578d286c6,ios_app,Germany,25-34,Direct,Desktop,Spain,EN,6,1,2026-07-09 14:26:26,2026-07-13 20:43:39,2026-07-20 06:00:00
605bce8a-9bbc-5930-83ad-b3972e732a57,usr_00016535,849caaa1f09f23170b613804222a7fc26403e3903fbd69ad4ce732bfd24d060f,web_signup,Australia,35-44,App Store,Game Console,France,Portuguese,2,true,2024-06-20T15:34:13Z,2024-08-19T03:11:23Z,2026-07-20 06:00:00
c4342c49-d9a5-5d0a-893f-23246776dabd,usr_00037246,d905439b2d2ceb88a4429336a83d371e808b40ae02f0f296a933be7d988ae007,android_app,USA,25-34,Google Play,Smart TV,Japan,ES,2,FALSE,06/07/2026 01:30 PM,08/04/2026 10:10 AM,2026-07-20 06:00:00
950c2782-fc69-5c6d-864a-bcdd3c8d4c19,usr_00047659,2e818fe14646de142c31f260a5a683ebe1f0d64f1dce454125675f0c5b1f1119,web_signup,United States,35-44,Organic Search,Game Console,France,Portuguese,5,true,2025-10-08T14:49:30Z,2025-11-22T21:53:45Z,2026-07-20 06:00:00
67961309-d519-5f77-9034-b28e0a098de7,usr_00002788,516cf9cb0d0b1944051abe7a319f02aca0ec4896ee15bab48354376ce50f14c0,legacy_crm_migration,australia,35-44,organic_search,GAME_CONSOLE,Spain,english,2,N,17-Jun-2026 11:12:15,30-Aug-2026 02:56:16,2026-07-20 06:00:00
dff4b180-8c69-5017-8ba6-26f9b6130eb3,usr_00091435,02c0b5bdb1f753aa8193dce1b0b29b2691a92107d9e7c8b854ae52418d38da4d,web_signup,France,45-54,Organic Search,Smart TV,Japan,English,5,true,2026-01-29T16:56:32Z,2026-04-13T09:26:17Z,2026-07-20 06:00:00
919a51d2-2eb7-59ac-8256-b1f231263c0c,usr_00012828,7243a44d86e86e65e1e3ff7034be8ba8a73a0e447e1a0dfdb13cf5715d4d50be,android_app,Australia,35-44,SOCIAL,Android Phone,United States,ES,5,TRUE,03/08/2026 09:48 AM,03/21/2026 03:00 AM,2026-07-20 06:00:00
0a2d21e3-5b1f-5065-80f4-74ddad92f294,usr_00051473,8f19d2a5e6e9de03094b62666cccc92f85f7f3fb318e17f0023a676174aa1ce4,web_signup,Mexico,45-54,Sports Partnership,Streaming Device,Japan,Spanish,2,true,2026-07-06T01:22:04Z,2026-07-20T21:27:07Z,2026-07-20 06:00:00
bc2ccddc-30f3-51e0-8caa-36273f006b24,usr_00005563,e3ba06e43831f94256556c502fc5309765cfc111e712fc859aa79ca20e5dca80,android_app,Australia,35-44,Referral,  Smart TV ,United States,DE,2,TRUE,08/18/2025 08:19 PM,10/25/2025 01:53 AM,2026-07-20 06:00:00
959ab288-9807-5765-ae90-4c2e8427d59f,usr_00069139,815588283eb86261fdc8772ec2c8250073d1c845f2d2b629f30440ccb3edc457,ios_app,Argentina,25-34,social,Desktop,Mexico,EN,2,1,2025-10-03 01:48:10,2025-10-03 16:39:05,2026-07-20 06:00:00
ecaa806a-2359-5cb8-9d2e-bc0df53641f1,usr_00068291,4d631131997cfb38d18a7681b68a74ebeef91f64816bffae0b6374282a86beda,ios_app,  US ,25-34,organic,iPhone,Germany,ES,1,0,2025-12-21 13:40:47,2026-03-07 06:50:41,2026-07-20 06:00:00
2906d15b-fa7c-50de-9a41-62c5161e2f86,usr_00066150,2d517173ffc98a0a065c20c334f2176b1febaeda38340565f56c07821db934b2,android_app,France,25-34,Google Play,Android Phone,Other,DE,4,TRUE,06/01/2026 05:07 AM,07/06/2026 08:44 PM,2026-07-20 06:00:00
7681e0c5-d3b2-5515-b8fa-6d79a4d68947,usr_00074836,d083c6fa34eef4386927af32f530e226d013c7f4b12a4f321e1975cdaa13a13b,legacy_crm_migration,france,18-24,app_store,SMART_TV,Argentina,spanish,2,Y,22-Feb-2026 20:04:02,24-Feb-2026 09:34:48,2026-07-20 06:00:00
0e24f7be-1927-5d28-9fce-e6f7c084525f,usr_00093435,d80c31b0747ba1a8bb04f07624455e170ae23883941497456da972f561e3c204,web_signup,United States,45-54,Paid Search,Smart TV,South Korea,Spanish,1,true,2025-11-23T12:11:48Z,2026-01-26T03:00:28Z,2026-07-20 06:00:00
e4a3d5e2-2216-5544-86a6-2dcf6b0f314d,usr_00097409,7a4eefa257b5b4750f5260bf7d949791c5026c47bc5866d086f785c4398d1443,web_signup,United States,35-44,Direct,Smart TV,Canada,Japanese,3,true,2025-12-22T13:15:23Z,2026-01-06T18:44:52Z,2026-07-20 06:00:00
1c30dc09-43dd-5ac1-9d0d-ab6b36cb21c1,usr_00089629,558f045868b4ffebaefba3b55e47bf3c19f6baf743ff380b88b6b4972d1e4ef5,web_signup,Germany,45-54,Direct,Game Console,England,English,2,true,2026-05-28T13:52:01Z,2026-07-05T13:45:19Z,2026-07-20 06:00:00
94043994-d3b7-59bb-9fa4-32cd48c04e5d,usr_00054494,67370ad42e01d4c7de2521ff8bae433308e660c072162e2780f61b7b3e2b7540,sports_partner_import,U.S.,25-34,Social Partner,Mobile,Argentina,English,1.0,No,2025/06/20 08:03,2025/07/22 15:08,2026-07-20 06:00:00
4118de68-fd83-5755-af0a-9a3995286a00,usr_00042568,2160984b7d0c1dd327ce477d76e5b54166f4199fd3651445949ffd9caf979270,android_app,USA,45-54,SEO,Android Phone,France,PT,3,FALSE,05/13/2026 06:55 PM,07/20/2026 03:02 PM,2026-07-20 06:00:00
7db859ff-25a8-5de7-9d61-0dd1e1097fff,usr_00057417,746a9a84c3584047e1e5cc2e29c3d573f7dd041e82997c8894474e57c75ae634,ios_app,Japan,25-34,organic,Smart TV,South Korea,PT,4,1,2026-06-03 20:55:12,2026-08-29 11:25:59,2026-07-20 06:00:00
cf1e999f-9382-5153-b301-1b289b8c08b2,usr_00033632,3b5f80074f935ce5ee9e6540df0b0c3714672bda7a64bc09df7e2944f00d8705,legacy_crm_migration,canada,55+,organic_search,MOBILE,Mexico,spanish,1,Y,16-Jun-2026 04:51:35,28-Aug-2026 15:43:16,2026-07-20 06:00:00
80511f97-cb82-58ed-94be-f93da483d49b,usr_00049420,d5ec688f22c7225584f91e5f9748bf6c7013cad19cdfad56f123c771b5197e9c,legacy_crm_migration,canada,18-24,direct,STREAMING_DEVICE,Argentina,german,2,N,11-Jun-2026 13:51:13,04-Jul-2026 20:54:45,2026-07-20 06:00:00
abdf8c81-7573-5073-b414-2125c553c533,usr_00001431,6a036f48fbece600adbf1bdec20b670f3502d9bfcc7e132bb47f47458e94a6f7,android_app,Brazil,55+,SOCIAL,Smart TV,Argentina,ES,3,TRUE,05/17/2026 09:08 AM,06/11/2026 12:56 AM,2026-07-20 06:00:00
141456c8-3d54-5aa1-ba09-3ba5fbac8683,usr_00070469,a57df0ef9e9b570a84454346a4bdb5394472db30518aa883435c2b7d2eba86e3,web_signup,Japan,25-34,  Social Media ,Smart TV,Brazil,,1,true,2026-06-08T06:50:33Z,2026-06-16T19:03:20Z,2026-07-20 06:00:00
8f27b6c3-a2f5-56bf-95dc-6f3f6c1721f7,usr_00014431,1c8a9f5445bf5759f7a06a07acb9e9b557a8bf49e8da041c6c5b8593443008b9,web_signup,United States,25-34,App Store,Streaming Device,France,Spanish,2,false,2026-01-22T03:10:09Z,2026-02-15T08:02:36Z,2026-07-20 06:00:00
e2984625-0636-56b0-9eac-116dbe1ea58c,usr_00094488,171579832b598266c919cb8268c17650225923917875d4be86919b3b85882a07,android_app,Germany,25-34,SEO,Streaming Device,Mexico,ES,4,TRUE,05/17/2026 07:51 PM,07/03/2026 12:12 AM,2026-07-20 06:00:00
012ea6c2-b854-57c7-860b-624db44eccbe,usr_00041125,6a49567bcc39d2c034d74442dec3e33640256d5559e1469f1686b8da814706b6,web_signup,Germany,35-44,Paid Search,Game Console,South Korea,  French ,1,true,2025-12-07T08:16:00Z,2025-12-19T18:45:39Z,2026-07-20 06:00:00
95952b55-5c4a-5a0d-8881-05da0cf1b574,usr_00013548,d423d9e9496055113f667134faebb7266780e1dd6aac8d12599143b7eb8cc3b4,sports_partner_import,Canada,25-34,Social Partner,Mobile,Canada,Spanish,1.0,Yes,2026/03/17 16:03,2026/04/11 21:32,2026-07-20 06:00:00
843892c8-ab18-5395-ac14-0c928f406f23,usr_00091365,67307c4b3de78ce7341b74e96d43eedbd6ce1b1d551a8efe6c570cd62667f3dc,web_signup,Australia,35-44,Social Media,Mobile,Portugal,Spanish,1,true,2026-06-26T19:42:57Z,2026-07-18T09:28:47Z,2026-07-20 06:00:00
8b28b818-b264-5e20-8d19-fea5ae521f0a,usr_00030040,ddaa04a85c81aceab37ff98cb1475090534d09d6b9003dea2e78ac65d1adf226,ios_app,Japan,55+,organic,iPhone,Brazil,EN,2,1,2026-07-03 20:14:56,2026-09-23 16:32:23,2026-07-20 06:00:00
19ed049c-d765-539b-ac3f-b9b30c6077a9,usr_00069939,ff839eda71afd61cc0c510c05a5621524012df3f29ba5a1ebdb4867f05343772,web_signup,Japan,35-44,Paid Search,Streaming Device,Spain,French,2,true,2026-05-13T10:08:15Z,2026-08-04T20:55:48Z,2026-07-20 06:00:00
e8f7421b-ee5f-5ea0-a872-a6ebb408feb3,usr_00088058,3ac19a9b9436093929cdb21fd4d5e859cd2bb47e8d9f0e5c66ee12bb38ffe542,ios_app,US,25-34,social,iPhone,United States,EN,1,1,2026-06-10 01:45:39,2026-08-05 04:28:54,2026-07-20 06:00:00
b615c8bd-c2c5-5dcb-95fa-e406d3fba819,usr_00033178,79090f64bcc9b158a0b4242741fcc129774401e4daf1a81b8d0ca88511415308,web_signup,France,55+,Paid Search,Desktop,Other,English,3,true,2026-05-29T04:40:41Z,2026-07-29T17:27:11Z,2026-07-20 06:00:00
99039447-5d87-5435-8fa3-4220b11c4149,usr_00005155,cf5f563c8ea274427250c306ad24a89856e7a67b74ea1f69e5d6d51bc5e20985,android_app,Germany,35-44,SEO,Game Console,Spain,FR,2,TRUE,06/16/2025 06:10 PM,06/29/2025 11:24 AM,2026-07-20 06:00:00
83d329ff-c536-585e-9871-d6796823a418,usr_00096768,bf186c84017be3d04e1f2db7955d13fa0dceade6a5ad1a6015aba21aa5d70d53,ios_app,US,35-44,Apple App Store,Streaming Device,Other,FR,2,0,2026-07-17 18:00:47,2026-09-16 14:08:03,2026-07-20 06:00:00
0c57dabc-2efd-5228-b85a-32d820e1572c,usr_00084367,b3325625d97b0429e1fef142ae81d7d522f524eedb649184dde07d1ab2df52f2,legacy_crm_migration,united states,25-34,app_store,TABLET,Japan,,2,Y,14-Jun-2026 15:19:54,10-Aug-2026 15:12:03,2026-07-20 06:00:00
49902c1b-bb35-5611-847a-e189f6b4a07d,usr_00077645,620335b1814e2fb7ca90f85fad249687199c1a62e5b7681eabba0cb7dea25bff,legacy_crm_migration,france,45-54,organic_search,SMART_TV,Other,english,4,N,09-Jun-2026 21:38:54,03-Aug-2026 12:29:22,2026-07-20 06:00:00
bae225e9-9143-59f1-b398-8f71d87b7123,usr_00047870,3c0f9d830aecc3bf3591026d8214240b34c1cc3cc9705168ba675c974884bbe1,android_app,Germany,18-24,SOCIAL,Desktop,,FR,2,TRUE,02/02/2026 07:27 PM,02/12/2026 03:13 AM,2026-07-20 06:00:00
da8fbfdf-8056-5f22-9330-4f4f516341fd,usr_00008691,31e51a9eca91b18b2c87fb9535550c49a535448f760dc1c58ba4d0015fb1b093,web_signup,United States,18-24,Direct,Smart TV,England,English,3,false,2025-11-21T13:17:59Z,2026-01-15T00:02:24Z,2026-07-20 06:00:00
c762b935-dc21-529b-873b-3dc7015bd1ed,usr_00062926,4fb595043d6f1eca403abf2c726f065462aecfae785884814d76f24034fd44e6,sports_partner_import,U.S.,18-24,Organic,Mobile,Spain,English,2.0,Yes,2026/04/17 02:53,2026/06/25 11:11,2026-07-20 06:00:00
75062919-e900-5e6f-9dd7-17189c4ef8b6,usr_00057470,91a0bb519fe05d9d9f2f2797e674eef0082403b55e54b4b917887c3522af82df,web_signup,United States,25-34,  Organic Search ,  Smart TV ,Canada,  Spanish ,3,false,2026-05-20T14:03:44Z,2026-08-15T23:09:57Z,2026-07-20 06:00:00
403693f6-44bc-5def-965e-83b83a74b06d,usr_00079963,be90ca3ed2d1a7f22fee4ca7ba0c3eed8010196f6e4f7ecf06d501c8d96f4977,android_app,Canada,25-34,SOCIAL,Desktop,Portugal,EN,2,TRUE,07/15/2026 08:06 AM,08/09/2026 06:16 AM,2026-07-20 06:00:00
a1da6bb4-534c-5913-9b81-49acb591f0af,usr_00021261,be41f3f9f876b23a7f4c58bd6b29c967ee7a68bc5d95701c9fb73c58b772bf84,web_signup,United States,35-44,Direct,Mobile,Spain,Spanish,2,true,2026-05-15T10:24:53Z,2026-05-23T14:00:19Z,2026-07-20 06:00:00
d26673b4-4c2e-50cf-8d2b-b862f732a003,usr_00066623,3ede3aa7c1f21d861e0426c6148660271dbe5a8d0bff4c848254ba6ddfb95312,sports_partner_import,Great Britain,18-24,Social Partner,Mobile,France,German,2.0,No,2025/12/30 10:30,2026/03/04 20:13,2026-07-20 06:00:00
10a6f27e-5ce2-5efd-a6db-0e91e94d6e40,usr_00077894,0bba96686933210c752a4e3d290d352611e78b2c1d2858d973548d952168be67,web_signup,Canada,18-24,Sports Partnership,Mobile,England,Spanish,2,true,2026-07-03T19:47:15Z,2026-09-18T00:22:43Z,2026-07-20 06:00:00
fefb03a6-a194-5b69-8a02-63336848a86a,usr_00020822,40da10eb051ccf889e9b17c363f260fc4cb29a326f30e88e935531c22eea06e6,web_signup,Mexico,55+,Social Media,Streaming Device,Mexico,French,3,true,2025-01-30T23:06:59Z,2025-03-14T19:48:39Z,2026-07-20 06:00:00
dc9dca0d-3d6b-5735-96e2-4f7781489285,usr_00013155,9a9b48ab2f7a20a141779b86f96dfd61866c9b1488448f30feb1ab6c8d30c19a,web_signup,United States,18-24,Sports Partnership,Desktop,Argentina,English,5,true,2026-06-19T07:30:22Z,2026-07-29T06:20:47Z,2026-07-20 06:00:00
822fe002-2cb4-54f7-8074-de11b39d8de0,usr_00022286,146bf7641923b6a67ecc0d969fd8b47a093bc3de61700916a5193e8f95552566,web_signup,Canada,55+,Sports Partnership,Desktop,Spain,,2,true,2026-07-17T14:21:44Z,2026-10-04T03:39:55Z,2026-07-20 06:00:00
ba077519-9c1c-5a96-b846-494640de2cc9,usr_00023193,90eb208b81b49ee56e3b45d307da165ccba3f1afb3d573bde2798feb93c9d1f9,web_signup,Argentina,25-34,Social Media,Smart TV,South Korea,English,3,true,2026-02-16T22:57:37Z,2026-02-22T04:02:38Z,2026-07-20 06:00:00
4d038798-1e76-5892-a918-78b998fc3db5,usr_00081506,f880ef290135b0a9ce4bc24483f582b7addfa3b9070be6eb1f938926cbc60626,sports_partner_import,Japan,25-34,Partner,Mobile,Portugal,Spanish,3.0,Yes,2026/04/06 23:15,2026/04/19 03:15,2026-07-20 06:00:00
25e3c9e2-b5a6-5a63-ab69-5a9e0e9c5ee0,usr_00047181,fe774ec6b18d0f9d15494a2b1a274eefd7abeec474638887eebd5dc199a77402,ios_app,US,18-24,organic,Desktop,United States,EN,2,1,2026-06-24 21:30:56,2026-07-23 18:03:49,2026-07-20 06:00:00
14930083-cf4b-5be5-ab99-77e9dd2414d8,usr_00060010,3f8db1544278f566e504a3137fdd380b8834212d00196c6536d3ef4f0adaa681,sports_partner_import,Brazil,55+,Organic,Mobile,Other,English,1.0,Yes,2026/03/21 14:12,2026/05/01 07:18,2026-07-20 06:00:00
5bdce3bf-aaad-5922-acbc-c41a8164fa57,usr_00097523,280118a86fd42523291a8418fb9d8b4bd9c1811375284e27814ce3cda4bc4801,web_signup,Argentina,55+,App Store,Desktop,Germany,English,1,false,2025-11-12T17:05:20Z,2026-01-08T17:56:25Z,2026-07-20 06:00:00
ba362073-669e-5ef9-b543-05ad59395a08,usr_00040166,73a49b7a517d0deb5c22e692ec56726343868026a69b432917c72ede70bb39dd,sports_partner_import,Japan,45-54,Paid Search,Game Console,Mexico,English,3.0,Yes,2026/04/28 11:19,2026/05/28 10:08,2026-07-20 06:00:00
be584537-9563-575d-942f-eab378444cb8,usr_00012433,40f87b4bbef0f0613c2f6cf9b559bbe4c194c4871f0a22cf7c19770f5ab5929e,sports_partner_import,Australia,35-44,Referral,Smart TV,South Korea,Spanish,1.0,Yes,2026/06/25 08:08,2026/08/26 11:28,2026-07-20 06:00:00
2de62a56-8d05-5ae5-be93-88b9ca6de411,usr_00095948,7bca6a3e30372386f66bc64ee45854018d1bc5c4f42d621442b349ba48a988e9,android_app,USA,35-44,Google Play,Game Console,France,EN,2,TRUE,06/21/2026 02:42 PM,09/20/2026 10:01 AM,2026-07-20 06:00:00
7268045f-451f-52cc-ac98-ff6b479c0fe7,usr_00030819,060500fb435e3b7943d45833a134cbc26b7e87bfe49fcce739386700f143028b,android_app,"Korea, South",45-54,PPC,Android Phone,Japan,ES,2,TRUE,09/07/2025 03:56 AM,12/04/2025 07:39 AM,2026-07-20 06:00:00
07c95ab3-eb1e-595c-ab40-072fc61278b1,usr_00099849,670ba546b1a2318feb3717a9028d24c012112f4765e27d3e4d20c3382bceabcf,web_signup,Mexico,35-44,Organic Search,Game Console,Other,Portuguese,2,false,2025-08-11T07:23:28Z,2025-10-01T04:13:46Z,2026-07-20 06:00:00
b168a216-7db8-5668-aa9a-70d5612cf4c2,usr_00082889,0d80e0743d9d20e4e1f8a0fb6e8ddd68a89be4f3214762ec7fc5c2a081a9c7d3,web_signup,Mexico,,Referral,Desktop,United States,Spanish,2,false,2024-06-01T02:05:42Z,2024-06-26T18:49:33Z,2026-07-20 06:00:00
aa9ff69e-f380-58b0-8d53-712ba5f85286,usr_00043250,767630ed103849d0bba68028e4e7875d6524659412064dc83e46dcd34a2ba33f,android_app,GB,18-24,SEO,Streaming Device,Germany,EN,6,TRUE,06/30/2026 04:06 PM,09/07/2026 10:23 AM,2026-07-20 06:00:00
9abd96b5-4ac7-5672-8696-9d05b92ac7bf,usr_00056591,ebb04555d45bbe433a806a8e1e2d4733ba18c50c561b214e0c324e4f03a8c61b,web_signup,United States,25-34,App Store,Streaming Device,South Korea,French,1,true,2026-06-30T21:04:10Z,2026-07-29T03:11:22Z,2026-07-20 06:00:00
47e3c3d2-4746-5e4c-aca4-6ade90faa31e,usr_00035463,891db25064e24ba20304b82c0bff53f6ac9cf98b24ff0ed06c489c367a34d4bc,ios_app,US,45-54,organic,Desktop,France,FR,2,1,2025-12-05 10:52:58,2026-01-01 10:16:17,2026-07-20 06:00:00
6a5a99d6-3935-53ae-adfa-1098d7ad366a,usr_00019697,18eab8088877b61001c940f81c779e743abeaf82cce3fb77991e1ddec9d023cf,android_app,Canada,18-24,PPC,Desktop,United States,JA,3,FALSE,06/29/2026 11:35 AM,09/17/2026 10:14 PM,2026-07-20 06:00:00
135a636b-6b5e-5d13-b6b7-3cfac92ea100,usr_00062374,2d7952d1afed9f5c11e882b09b133999d69aac09beece316dfb2d4406f0dfd69,ios_app,Canada,25-34,social,Streaming Device,,ES,5,1,2026-02-09 00:03:59,2026-04-09 22:19:03,2026-07-20 06:00:00
a5f095c1-394c-596c-9dc1-7b303f6356ab,usr_00055084,6d6ff1689f6805277bada2dc244bf8c031fa65e6f26dab2eb070155b35b1bd49,android_app,Australia,18-24,SEO,  Streaming Device ,Canada,ES,4,TRUE,03/30/2026 09:46 AM,04/26/2026 09:47 PM,2026-07-20 06:00:00
229670a4-2951-50ff-9320-d55fcfb1a643,usr_00042721,17eca228a73ab9162899bd9bed16804f63c503132dd082815556d22e91d4802d,ios_app,Mexico,35-44,Direct,Desktop,  United States ,KO,5,0,2026-04-20 00:40:22,2026-05-07 05:42:59,2026-07-20 06:00:00
378a5f29-db41-5d50-a2eb-ab8973972847,usr_00006822,59ecfde9f162d0037330cb160a7ff99a3a529885be8fe03ca553610bad652a59,web_signup,Canada,25-34,Social Media,Tablet,Germany,German,2,true,2024-09-07T20:29:18Z,2024-11-19T16:46:42Z,2026-07-20 06:00:00
ee91baac-51a8-5555-96ce-268a13cb7f45,usr_00078705,6000a46e7a444d2800486e98209c03bcc533a03f4cc934891fce71c6136ad986,legacy_crm_migration,japan,18-24,organic_search,SMART_TV,South Korea,german,3,Y,23-Nov-2024 18:40:06,19-Jan-2025 11:17:38,2026-07-20 06:00:00
a1237b10-66e5-5956-915b-ba164c6bcd11,usr_00075466,4186b243debae55bc6e0f004ef86aa8f266491378e1b263c0c02de184d8f22c2,legacy_crm_migration,united states,25-34,paid_search,SMART_TV,United States,english,1,Y,22-Apr-2026 05:16:47,26-Jun-2026 08:15:09,2026-07-20 06:00:00
57b03297-611c-5e93-b3f0-0e7f532ab1de,usr_00044183,413771009691d786d4624f226afb602c0200630c44cf4f479cb0281aee31043d,web_signup,Japan,35-44,Direct,Smart TV,Spain,Spanish,1,false,2026-02-05T09:22:55Z,2026-05-07T01:29:45Z,2026-07-20 06:00:00
30c23476-1c8e-59ea-a7e5-00bee448481a,usr_00026517,09bcc402ac7b168d10be89857c170116a01dabe7524ac0bf784c03b971abcd05,ios_app,US,18-24,paid,Streaming Device,Germany,PT,4,1,2025-02-27 09:53:27,2025-03-11 03:47:48,2026-07-20 06:00:00
fa4a29d0-8496-5357-acf3-7054000bd7cb,usr_00000586,46ccef05631571ddd4aadb0f82add55b3c2267c79f89db332a777fb6bc23c3bd,sports_partner_import,Great Britain,25-34,Direct,Mobile,Portugal,Spanish,2.0,Yes,2026/06/12 02:49,2026/08/02 12:48,2026-07-20 06:00:00
78e600e1-c335-508e-90eb-ae49c4c4712b,usr_00005767,f3360c5d80d921ed97a3151516f83f796a13fd54f7fbe251add609961221d96c,android_app,USA,18-24,SOCIAL,Streaming Device,No Preference,EN,1,TRUE,06/27/2024 10:15 AM,08/12/2024 12:39 AM,2026-07-20 06:00:00
f1409b79-6d31-5511-a147-5bd3617d639d,usr_00082624,5d3fdad07152261af819d3b794796ef0cdd57bee66d9b19c11cfe57dbc926e18,web_signup,Argentina,18-24,Organic Search,Streaming Device,England,English,1,false,2026-01-31T21:05:23Z,2026-04-01T20:40:48Z,2026-07-20 06:00:00
bb818499-a117-5473-9314-9f03ae2b51df,usr_00036795,99e56da281e4dab5c30a449cabf65d58d6edd38f0cd7f887d6e1de80adadcdd2,ios_app,Brazil,18-24,Direct,Game Console,Other,EN,4,0,2025-09-09 01:37:00,2025-10-27 01:33:11,2026-07-20 06:00:00
4511b055-824c-53bf-8fd1-3bd6851baa23,usr_00040647,56454d5b754009475b9f523373f3d98d82e1a4145d8f1291231845c1711ac4aa,android_app,USA,35-44,SEO,Smart TV,Argentina,FR,2,TRUE,07/14/2026 03:08 AM,08/15/2026 08:32 AM,2026-07-20 06:00:00
1c168a68-0e54-5ea6-b782-380f2ceb7607,usr_00004149,ecbb8748eccb8fd98ed43d3f31d04e05e271c10a285106e4cdfb5f8416f2d127,android_app,USA,18-24,Direct,Streaming Device,,EN,3,TRUE,10/29/2024 02:03 PM,11/25/2024 09:21 PM,2026-07-20 06:00:00
0351ce6b-f654-597a-bc36-56bfe260bb43,usr_00055521,a2671f7eb8831e6790fd402dbdaafd31ea33257ff06bafcc315a7460d17b616d,android_app,Canada,25-34,PPC,Android Phone,Other,FR,3,TRUE,08/30/2025 09:42 AM,10/31/2025 07:02 PM,2026-07-20 06:00:00
181cc85b-1c6d-5463-9344-0789dea22a4f,usr_00033113,37a7e926fe54806a206977373577aa79d7267cdd688de6bdf21892f516592da9,android_app,Germany,35-44,SPORTS_PARTNER,,Portugal,EN,3,TRUE,01/28/2026 12:38 AM,02/16/2026 08:35 AM,2026-07-20 06:00:00
b37aabc7-b7e3-5d43-a7ff-8b23c1812041,usr_00031007,608252901e5eca0a587ddd1fd959f0499be34462184fb60f1cdb6338acfbfb5a,android_app,USA,35-44,SOCIAL,Android Tablet,Germany,FR,4,TRUE,05/30/2026 05:39 PM,07/04/2026 08:07 AM,2026-07-20 06:00:00
6f6101dc-02c7-5725-9633-db2236b412f3,usr_00037798,6a4c67ac98c7b8ec84ebec12d7317249646678ab6dada0943721cc355e54d0a2,ios_app,Canada,25-34,organic,Streaming Device,Canada,JA,2,1,2026-07-06 13:11:30,2026-08-14 18:35:54,2026-07-20 06:00:00
4ea3bd6d-b07d-50de-9516-9299fe066ba3,usr_00003394,7dfedd6d9a8269df9b86825bb3337a6633e21e07f4012ff4cf82ccdfb1a03f8d,web_signup,Argentina,35-44,App Store,Mobile,Germany,English,2,true,2026-03-25T23:36:22Z,2026-05-19T03:25:06Z,2026-07-20 06:00:00
662d373c-916d-591c-a06c-9874538284d8,usr_00061765,588886b6d622379c327dafa3493576f7d9228112f7f2fc7dd590aba5a7255d62,ios_app,US,18-24,Apple App Store,iPhone,United States,EN,2,0,2025-03-13 08:24:43,2025-04-10 05:03:52,2026-07-20 06:00:00
83fbb005-14be-5fc1-952c-4e22bdae2bf6,usr_00093091,d0542c1f7821e232292ce2f45e94e5034d9eb56db5675292b340dea02afae9d9,android_app,Germany,18-24,SEO,Desktop,Germany,DE,3,FALSE,05/22/2026 08:51 AM,06/08/2026 02:33 AM,2026-07-20 06:00:00
3c9d3c1a-89ee-523f-b559-f5ed26da3ba4,usr_00014442,3190f5b80e18e3db96df58a03e934b5d51209e6a026b7e471c5a58d3b1e3b06a,web_signup,Mexico,18-24,Organic Search,Desktop,England,Portuguese,2,false,2025-06-04T03:34:15Z,2025-07-31T22:03:54Z,2026-07-20 06:00:00
952c8d83-6b81-556b-b3d4-7ecb517dfdcf,usr_00010677,b601d08671e2265767721ffc4dd17a777a72159df09f8740e48c5d8e250fb90b,android_app,USA,45-54,Referral,Streaming Device,France,EN,3,TRUE,06/25/2026 11:38 PM,07/17/2026 03:30 AM,2026-07-20 06:00:00
3453d10b-bc9a-5ab6-8213-7a2eb4d225dc,usr_00083875,543344e67b89bd8af58eed1dd3ecaa2a0e18d86457229174a48f6dc31d1a060d,web_signup,Canada,35-44,Paid Search,Smart TV,United States,English,3,true,2025-05-21T12:04:10Z,2025-07-24T14:55:50Z,2026-07-20 06:00:00
00258273-7694-5469-8e6e-540ad90615e0,usr_00045081,6187146e0d414159bcc023f3144b84841ac71982898cdf23ba034809c05a97ee,android_app,Australia,25-34,SEO,Android Phone,England,,2,FALSE,06/06/2026 04:44 PM,06/16/2026 12:56 AM,2026-07-20 06:00:00
0ec3d56b-5c14-59dc-8294-f79a110e60a8,usr_00002798,bf0364158bb0c639381450f3ed65f4d4bdc9e82c8e8569856b2030b5a6b6a7ea,legacy_crm_migration,south korea,35-44,social_media,SMART_TV,France,spanish,1,Y,15-Dec-2025 02:55:28,07-Jan-2026 14:29:15,2026-07-20 06:00:00
59101d6f-8fc0-5038-bb23-e7d2bde90104,usr_00097203,7a6c1bdfe20f5a907ded8a1822ec8c74e037d1dd1c0e14e7291ba800ed58519c,android_app,USA,45-54,Referral,Streaming Device,France,EN,4,TRUE,09/14/2025 04:38 PM,12/13/2025 08:24 PM,2026-07-20 06:00:00
5be80f13-1ff1-5e5e-8bd9-18ba9eb2d030,usr_00026385,0d5e3de45db5ff689e0cf89824361221e5ca7ca667343bc73660d6184f2a631f,android_app,Argentina,25-34,SEO,Desktop,United States,EN,1,TRUE,02/25/2026 12:18 AM,05/17/2026 06:38 AM,2026-07-20 06:00:00
db8a9428-f7e3-5a2d-9423-7cf6a1a68142,usr_00040334,69a5753a34ef0b69f42c6a2b0d906d1be9a49672a1dac956d6265ca674d94d1f,web_signup,Argentina,45-54,App Store,Mobile,  South Korea ,Spanish,1,true,2025-10-18T21:43:04Z,2026-01-06T19:17:13Z,2026-07-20 06:00:00
8b9104de-bc04-559a-8499-d22946c1fd0d,usr_00047933,9b62530cf0baec127c0495a27d13367e037d453121811e3cf32a845dfd08c8dd,android_app,  Australia ,25-34,SOCIAL,Android Phone,Brazil,  PT ,1,FALSE,11/07/2025 09:01 AM,01/02/2026 08:57 PM,2026-07-20 06:00:00
9df6ca35-4706-5ba6-8a5c-235ec6a1ded8,usr_00017191,b9f25e57e5afc60e6e399ce1338221c2e6da4cb9709f115d9badc2b75c6e0357,sports_partner_import,Argentina,18-24,Paid Search,Desktop,United States,English,4.0,No,2026/02/11 08:10,2026/02/23 19:01,2026-07-20 06:00:00
fa5aa4d4-d7a9-548b-82c6-8899b0f2c63a,usr_00080737,7ac72f81febfb82b0760d1e4e2761a987bb737998370467c6b49be6a501b73e5,web_signup,Canada,35-44,Organic Search,Smart TV,Mexico,English,5,true,2026-05-17T20:36:04Z,2026-06-06T12:52:08Z,2026-07-20 06:00:00
c28ee7db-1d07-517e-b94c-53deb41d8d12,usr_00028956,5f4c2ab2cdd6211fc585ed3970af2e7aec03b33763a0d38c02efa76eef3a84f4,web_signup,United States,25-34,Referral,Smart TV,Argentina,English,2,true,2026-04-01T03:52:50Z,2026-04-25T06:18:11Z,2026-07-20 06:00:00
c0682b20-c3a8-555c-ace9-7136e002f9d0,usr_00088363,9172f6eb0ca9b303da21dfedc85bc3c3b65e0612d6e497b61c1b16ed9f0e2758,ios_app,US,25-34,sports_partner,Smart TV,Other,EN,2,1,2026-07-04 00:28:31,2026-09-06 19:52:35,2026-07-20 06:00:00
97812f55-d361-5343-8bcf-d08b5652e6a9,usr_00003657,8924c9bed27fe498d0444aa84ca104544dfb91fddaac4c3c67d3352946bb539f,android_app,GB,45-54,  SEO ,Game Console,France,EN,4,TRUE,03/14/2025 09:50 AM,03/24/2025 07:13 AM,2026-07-20 06:00:00
8dc0e2be-faa9-55c3-92f0-29853d503fc8,usr_00085624,2f3a21391ae489cb8d907fc5a5c89690046597e996039f459cd91dcc5a6c5fae,ios_app,Germany,18-24,Apple App Store,Desktop,France,EN,2,1,2026-06-14 15:17:23,2026-06-29 19:53:58,2026-07-20 06:00:00
cd0bcb54-c180-5a21-9aba-4719eebf4c1f,usr_00098922,9cb1f0b71e5e1ea2914467efe3ede3cc1ea1ad2e1a24da56409795b4b382e131,web_signup,United States,55+,Organic Search,Mobile,  United States ,English,6,false,2026-06-29T11:43:10Z,2026-06-30T04:04:39Z,2026-07-20 06:00:00
ee60d7d1-25bd-5258-a278-59ff84fc179d,usr_00078809,af6fd61ffda46c4d1e5fe887e37fb27ab18ad3771045cb20e4c3993e849560da,legacy_crm_migration,france,25-34,organic_search,MOBILE,Germany,spanish,2,Y,26-Jun-2026 08:19:30,06-Aug-2026 17:27:26,2026-07-20 06:00:00
cbc44d85-6671-5556-b423-109ef43dd9c0,usr_00012257,660185576d8b584636ff6b17f4813851eeeb153072a19c7b196818458b8a5280,sports_partner_import,U.S.,25-34,Mobile App,Mobile,England,,2.0,Yes,2026/07/19 08:10,2026/10/15 11:34,2026-07-20 06:00:00
24c25a75-fae5-54e3-ae98-927c7aafb36d,usr_00036695,ef3c9753c7bdcef0cc8d66610bd806306237dbdb694c70bb6b5d1fa4ed7bf746,android_app,Germany,18-24,SOCIAL,Streaming Device,Spain,PT,4,TRUE,05/22/2026 03:17 PM,07/03/2026 12:32 PM,2026-07-20 06:00:00
6d2e1cd9-aa85-5212-b758-bb8494b1853a,usr_00042732,61437facbdc1ec2e3103f120ab475944ec1501f3d299be81134dde3ca3c76515,ios_app,Australia,18-24,paid,iPhone,Spain,EN,2,1,2026-05-13 07:52:04,2026-07-15 00:07:29,2026-07-20 06:00:00
52fb71b1-713a-53db-8d79-443f24160682,usr_00019316,f7cf146c039613caae499c890ea50264d5e6bcaa7c800c47330bcbaa072c8d20,web_signup,United States,35-44,Direct,Smart TV,Argentina,Portuguese,1,false,2026-07-07T04:01:18Z,2026-08-08T06:27:45Z,2026-07-20 06:00:00
cca0a75e-9d1c-505a-9bce-8d56ae557b1e,usr_00006932,592f14a3715bf15422c467b440e097ef0c390955fd7215f79add9946e08c3c41,ios_app,Canada,25-34,Direct,Smart TV,No Preference,EN,1,0,2024-06-07 16:45:51,2024-08-06 10:22:33,2026-07-20 06:00:00
a0713476-09ce-5950-b287-0cc1754c25f4,usr_00063133,07ec4641f82edcfe55936a9d85e826fe427c77aebf7140622e3211dfd7b54d47,web_signup,United States,25-34,Direct,Smart TV,Germany,Spanish,2,true,2026-01-09T05:48:54Z,2026-01-24T00:54:20Z,2026-07-20 06:00:00
c0d18294-d980-586e-85d6-427739493f0d,usr_00039376,13a6acb535353f24a9f4bbdd3ed16e68dc8d50fc7d824166835226b68577721b,sports_partner_import,U.S.,25-34,Organic,Mobile,United States,English,2.0,Yes,2025/03/14 00:17,2025/04/09 02:39,2026-07-20 06:00:00
c0857f8d-29de-5694-b336-f08f574664e9,usr_00041119,81e61697295e18e3d9def5894162f601a56807dc9a39c66cb9c67af390886918,sports_partner_import,U.S.,25-34,Paid Search,Smart TV,Spain,English,3.0,No,2025/12/31 04:15,2026/03/29 18:02,2026-07-20 06:00:00
1632b764-5504-580c-b4a5-4443dbc84695,usr_00069938,8677f7596ed76adedef9fc5fe3985f36382a6798b332a4a09a9ee214ae3bc7f0,android_app,France,55+,SEO,  Streaming Device ,  England ,EN,3,TRUE,04/09/2026 02:14 AM,06/21/2026 12:45 AM,2026-07-20 06:00:00
99f0bf71-0893-5171-849e-fc83f3ea4f14,usr_00058157,8e8c808ccdab76935e156c778ee00fb6ba34165494c3539218da90b47a430fcc,web_signup,United States,55+,Social Media,  Desktop ,Other,,1,false,2025-09-21T03:46:02Z,2025-10-19T03:03:16Z,2026-07-20 06:00:00
f3be07bc-5c49-55d2-8e66-aeff195d1787,usr_00041426,7dfb62eb59cade7e3f280f862035d4a08d15ea0c08f61e5a68205121b7fd6f67,web_signup,France,25-34,Organic Search,Desktop,Japan,Portuguese,2,true,2026-05-24T01:43:27Z,2026-08-07T04:22:00Z,2026-07-20 06:00:00
f742785a-7467-51e9-8d59-294bf6bebf63,usr_00032343,6eaa6b0ca529275757db9e633ff2e716139aabee5eca2a907c35d3eac9be9f2f,legacy_crm_migration,germany,35-44,paid_search,DESKTOP,Other,spanish,2,Y,08-Jul-2025 18:00:43,10-Sep-2025 01:28:04,2026-07-20 06:00:00
0e988e40-1dbf-5cda-9c7e-b18b2dd4ae1d,usr_00064492,b38f9aac02df9f4b2bc7efe3e969cf270afcfd0b94f6418941924b9aa6267643,web_signup,Australia,35-44,Referral,Smart TV,United States,Portuguese,2,false,2026-05-26T14:48:42Z,2026-08-04T06:19:12Z,2026-07-20 06:00:00
f2ae3e6b-82ee-5a6f-987f-1f93efbd5a71,usr_00082053,3a95d992e90068f7c4c3832f4f6fd66e580d97edbc2df3a86e94a1379d19c7ee,android_app,Japan,55+,SPORTS_PARTNER,Android Tablet,No Preference,EN,4,TRUE,03/26/2025 11:29 PM,06/19/2025 02:59 PM,2026-07-20 06:00:00
ba1fc122-8caa-54f7-9610-eea8d84c4607,usr_00078322,a0e895c2e7cd31a5a1d8d597c66c88dcdae927b9047ddc91804a8e33c7c1fcd5,sports_partner_import,Argentina,35-44,Referral,Desktop,  United States ,English,3.0,Yes,2026/05/09 20:26,2026/07/21 05:17,2026-07-20 06:00:00
a48a661b-066e-524f-981a-87a075bda273,usr_00076834,f809356b2926a5946029d131dacb7b617e5b6d27084242e24d9d27b81e834c34,ios_app,US,45-54,Direct,Desktop,Argentina,ES,1,1,2026-07-03 10:05:08,2026-08-17 05:01:54,2026-07-20 06:00:00
4dc82fa3-7dbb-5bad-825c-46ca00812c8e,usr_00038055,24011a29af6ca5df7b79dfd42d422cb315ad376dfd5afad9c2bd1c996d0c2d09,android_app,Japan,18-24,Google Play,Smart TV,Argentina,PT,4,TRUE,11/19/2025 02:59 PM,12/04/2025 06:21 PM,2026-07-20 06:00:00
b32d6ee9-b8da-5c45-b77e-706fb051849b,usr_00012703,3dff589190c773109157d10f087c32fc07bb09fdd275685a0c902bc4b15c03b0,legacy_crm_migration,united states,18-24,organic_search,STREAMING_DEVICE,France,english,3,Y,15-Jun-2026 21:47:44,10-Aug-2026 15:17:13,2026-07-20 06:00:00
35a7aad6-2874-5876-995b-9f164da2b7f1,usr_00046325,2be8ebc0cc2b4da6a7fab9b51d6d454eee0cf02b9b9926db7de1f9fcf74bcf0a,ios_app,Mexico,35-44,Referral,iPhone,Mexico,EN,4,1,2026-07-06 18:44:24,2026-08-09 00:39:06,2026-07-20 06:00:00
021eeffb-46c1-5486-bbd9-e6e8f9a5e894,usr_00005448,070adf5be3d801dc090112308581b4ad3ec4d7bf1a890e6c0f71383075792a51,sports_partner_import,France,,Social Partner,Streaming Device,United States,English,6.0,No,2026/06/02 12:41,2026/07/08 02:01,2026-07-20 06:00:00
01a3330b-721e-5f09-9e57-7398aa2673c7,usr_00081821,07f2308538638849ca94ad5e00fa4772c061b9a854fa3d3aa8355e0cf2027cb3,sports_partner_import,Australia,18-24,Direct,Streaming Device,Argentina,English,6.0,Yes,2024/11/16 06:33,2025/02/01 23:59,2026-07-20 06:00:00
75e58c79-eaab-5c04-b11b-c419e1cec634,usr_00024469,5d2ed33e86b898c2fa6461446f69377ef2464847ceb393e737fa5b6afac83f3f,ios_app,Brazil,45-54,paid,iPad,South Korea,EN,3,1,2026-06-13 23:28:35,2026-09-05 12:33:43,2026-07-20 06:00:00
7d3aea19-5957-5440-bd26-6970d817949b,usr_00059267,3d0655da2d69fccc2c29e0ca92d63b4a3e14c00ba2f30f8cba1c4b0143a6bd0a,legacy_crm_migration,canada,35-44,paid_search,GAME_CONSOLE,Other,spanish,2,N,16-Jun-2026 10:02:31,15-Jul-2026 18:06:53,2026-07-20 06:00:00
b147bd78-c2f1-5468-a3bf-9c94bd806db4,usr_00081588,4418ea527b0ac39516ee527cb511761b4709f164690db4d69304f71a23a16cf3,sports_partner_import,Japan,18-24,Mobile App,Desktop,Brazil,English,4.0,Yes,2026/04/09 23:20,2026/06/29 12:32,2026-07-20 06:00:00
38a8bb7c-57db-5f07-b806-22af93436b01,usr_00089846,8778ef4ce6926c067a0cb6513a54a1d73d1f34bb5203150f8249bb0bf379aa9e,web_signup,Mexico,25-34,Paid Search,  Tablet ,Portugal,English,2,true,2026-03-23T11:55:03Z,2026-04-07T10:08:16Z,2026-07-20 06:00:00
1222efad-ad87-5d6b-82aa-76f9f31aceff,usr_00037216,12db333cce0fcb0004b55863e4519df68e8753a6fc38e5e1f336f90e50143cd8,web_signup,United States,18-24,Social Media,Smart TV,United States,French,5,true,2026-03-10T00:11:54Z,2026-06-06T03:02:13Z,2026-07-20 06:00:00
fa982e3e-4436-537b-9e5d-5e93ab61f861,usr_00004912,58d98714edf8ff58a1e69659bd6da25d9949fda427ef4ffc4d8642a2cf79257a,web_signup,United States,45-54,Social Media,Streaming Device,Brazil,English,2,true,2026-07-19T10:31:42Z,2026-10-08T09:55:57Z,2026-07-20 06:00:00
92248459-7130-5d2a-a572-33fa00b91ba1,usr_00008914,c0489ec1bdd0618c81c325d790dab7952d74538e2c6ae34cecb1ecdc2fc2402b,sports_partner_import,U.S.,35-44,Paid Search,Tablet,Portugal,English,1.0,Yes,2026/01/12 15:20,2026/01/23 03:59,2026-07-20 06:00:00
4c718026-1f0b-5360-a7c8-d478c6375505,usr_00071794,007334bd70cb037b455187e54e56094ec372d2e91f830909b889e5c64345defc,web_signup,Germany,35-44,Paid Search,Tablet,United States,English,6,true,2026-06-14T02:49:23Z,2026-08-17T07:35:27Z,2026-07-20 06:00:00
903ca783-92b3-506e-b6d9-7fa5eb221c19,usr_00035853,233ab9c9b572294eabbebca0c205819a90e15bc079d27626cde7bb980848ba5a,web_signup,United States,35-44,Direct,Tablet,Other,Spanish,4,false,2026-06-17T13:46:44Z,2026-07-26T07:21:24Z,2026-07-20 06:00:00
8545cb6b-75e4-5c34-9e46-5bdc121dd05e,usr_00023229,06cad735ce279247938b96f59b7398bc491dc76df680426fdef492ef42da9b64,ios_app,Canada,25-34,social,Desktop,Brazil,EN,5,1,2026-07-15 04:05:26,2026-08-19 23:16:28,2026-07-20 06:00:00
0f68d8bd-61cf-5833-808c-627d06139d87,usr_00013619,90ed54055d9a26a5d122f3d3cab2222572b7e91c7a686b7e8cf7b5edc8961a95,sports_partner_import,Germany,35-44,Organic,Game Console,Japan,English,2.0,Yes,2026/07/19 17:22,2026/09/30 14:09,2026-07-20 06:00:00
90bc412e-c4e1-586a-a3d5-0f0a76a9d2d6,usr_00006484,ff187ba0088fd81ce09838220a70ceffb05ab0983229774d3a76fd51efecd224,legacy_crm_migration,australia,55+,paid_search,STREAMING_DEVICE,Brazil,english,4,Y,14-Feb-2026 22:13:34,30-Apr-2026 18:41:44,2026-07-20 06:00:00
dd0e9b0b-ec9b-528a-8fd4-e5dcb0c4d2a9,usr_00042275,4ab309b10bdadee035accaf92dc25cbb3725cacc18e9d4863e177f8790c88945,ios_app,Japan,25-34,Direct,iPhone,Mexico,ES,2,1,2026-06-21 06:55:56,2026-08-03 23:53:50,2026-07-20 06:00:00
9c2618b5-9eb7-5fb3-ada5-e28002172ed3,usr_00026695,c74ffa85a153e4e931ad0f9c83bd95929e987e058c332b340a2499529f23a618,web_signup,United States,45-54,App Store,Mobile,France,French,2,true,2026-06-20T20:50:00Z,2026-08-18T22:10:08Z,2026-07-20 06:00:00
